licitacao,unidade,objeto,modalidade,criterio_julgamento,data_publicacao,data_limite_proposta,data_abertura_sessao,status
CC 001/21,SETRANS - SECRETARIA DE ESTADO DE TRANSPORTES,MODELAGEM SPTA,CONCORRÊNCIA,TÉCNICA E PREÇO,21/10/2021 14:00:00,09/12/2021 10:30:00,09/12/2021 10:31:00,CREDENCIAMENTO
CC 001/23,SETRANS - SECRETARIA DE ESTADO DE TRANSPORTES,ESTUDO DE VIABILIDADE (EVTJEA),CONCORRÊNCIA,TÉCNICA E PREÇO,23/10/2023 15:52:00,19/12/2023 10:00:00,19/12/2023 10:05:00,AGUARDANDO ABERTURA DE SESSÃO
CC 002/23,DER-RJ - FUND DEP ESTRADAS DE RODAGEM DO ESTADO DO RJ,DER-Obr Imp RJ-204 Ent RJ228 ent BR101,CONCORRÊNCIA,MENOR PREÇO,09/02/2023 11:15:00,01/03/2023 14:59:00,01/03/2023 15:00:00,EXAME DE CONFORMIDADE
CC 002/23,ITERJ - INSTIT DE TERRAS E CARTOGRAFIA DO EST DO RJ,SRP - Asfalto,CONCORRÊNCIA,MENOR PREÇO,02/08/2023 15:00:00,01/09/2023 15:50:00,01/09/2023 16:00:00,HABILITAÇÃO DOS FORNECEDORES
CC 002/23,RIOTRILHOS - COMP DE TRANSP SOBRE TRILHOS DO EST DO RJ,Permissão de Uso - Área Remanescente 501,CONCORRÊNCIA,MENOR PREÇO,12/12/2023 16:30:00,17/01/2024 09:30:00,17/01/2024 10:00:00,AGUARDANDO ABERTURA DE SESSÃO
CC 002/23,FAETEC - CCF - FUND DE APOIO À ESCOLA TÉCNICA DO EST DO RJ,Obra de construção da Unidade Bangu no C,CONCORRÊNCIA,MENOR PREÇO,15/03/2024 08:00:00,16/04/2024 13:59:00,16/04/2024 14:00:00,CREDENCIAMENTO
CC 003/22,DER-RJ - FUND DEP ESTRADAS DE RODAGEM DO ESTADO DO RJ,DER-Obras Pav Dren Con Sin RJ 134,CONCORRÊNCIA,MENOR PREÇO,07/10/2022 16:56:00,18/10/2022 10:59:00,18/10/2022 11:00:00,CREDENCIAMENTO
CC 004/23,DER-RJ - FUND DEP ESTRADAS DE RODAGEM DO ESTADO DO RJ,DER-Obras Pav Proj Exec trecho 1 RJ104,CONCORRÊNCIA,MENOR PREÇO,07/02/2023 09:52:00,14/03/2023 10:59:00,14/03/2023 11:00:00,HABILITAÇÃO DOS FORNECEDORES
CC 004/23,UENF - UNIV EST DO NORTE FLUMINENSE DARCY RIB,Obras Complementação dos Prédios P6 e P7,CONCORRÊNCIA,MENOR PREÇO,25/07/2023 10:00:00,01/08/2023 09:00:00,01/08/2023 09:10:00,CREDENCIAMENTO
CC 008/23,DER-RJ - FUND DEP ESTRADAS DE RODAGEM DO ESTADO DO RJ,DER - OBRAS DE CONT ENCOSTAS NA RJ-106,CONCORRÊNCIA,MENOR PREÇO,29/06/2023 16:15:00,10/08/2023 10:59:00,10/08/2023 11:00:00,HABILITAÇÃO DOS FORNECEDORES
CC 009/19,INEA - INSTITUTO ESTADUAL DO AMBIENTE,Manut Corpos Hídricos Baía de  Guanabara,CONCORRÊNCIA,MENOR PREÇO,08/01/2021 12:20:00,08/01/2021 12:25:00,08/01/2021 12:30:00,AGUARDANDO HOMOLOGAÇÃO
CC 01/23,SEIOP - SECRETARIA DE ESTADO DE INFRAESTRUTURA E OBRAS PUBLICAS - SEIOP,"CONSTR DE PONTE,DRENAGEM,PAVIMENTAÇÃO",CONCORRÊNCIA,MENOR PREÇO,14/08/2023 16:50:00,19/09/2023 11:00:00,19/09/2023 11:10:00,AGUARDANDO HOMOLOGAÇÃO
CC 010/23,DER-RJ - FUND DEP ESTRADAS DE RODAGEM DO ESTADO DO RJ,DER-Obras RJ-240 acesso ao Porto do Açu,CONCORRÊNCIA,MENOR PREÇO,21/07/2023 15:15:00,29/08/2023 10:59:00,29/08/2023 11:00:00,HABILITAÇÃO DOS FORNECEDORES
CC 010/23,INEA - INSTITUTO ESTADUAL DO AMBIENTE,CÓRREGO DO BIQUINHO - VALENÇA,CONCORRÊNCIA,MENOR PREÇO,05/12/2023 08:00:00,03/01/2024 10:30:00,03/01/2024 11:00:00,HABILITAÇÃO DOS FORNECEDORES
CC 011/22,DER-RJ - FUND DEP ESTRADAS DE RODAGEM DO ESTADO DO RJ,DER-Obras Recup Pav Recap Remend RJ-127,CONCORRÊNCIA,MENOR PREÇO,21/07/2022 10:59:00,25/08/2022 14:59:00,25/08/2022 15:00:00,CLASSIFICAÇÃO
CC 017/23,DER-RJ - FUND DEP ESTRADAS DE RODAGEM DO ESTADO DO RJ,DER-Obras Rec. Passarela RJ-104 Km 21.3,CONCORRÊNCIA,MENOR PREÇO,21/07/2023 15:20:00,25/08/2023 10:59:00,25/08/2023 11:00:00,EXAME DE CONFORMIDADE
CC 038/22,DER-RJ - FUND DEP ESTRADAS DE RODAGEM DO ESTADO DO RJ,DER-Obra Implan Terrap RJ162,CONCORRÊNCIA,MENOR PREÇO,07/11/2022 18:05:00,06/12/2022 10:59:00,06/12/2022 11:00:00,HOMOLOGADO
CC 13/23,SEIOP - SECRETARIA DE ESTADO DE INFRAESTRUTURA E OBRAS PUBLICAS - SEIOP,RECUPERAÇÃO DO CANAL DAS VELHAS CAXIAS,CONCORRÊNCIA,MENOR PREÇO,11/10/2023 15:45:00,10/11/2023 11:00:00,10/11/2023 11:10:00,HABILITAÇÃO DOS FORNECEDORES
CC 14/23,SEIOP - SECRETARIA DE ESTADO DE INFRAESTRUTURA E OBRAS PUBLICAS - SEIOP,MACRODRENAGEM DO CANAL GASPAR VENTURA,CONCORRÊNCIA,MENOR PREÇO,08/12/2023 11:00:00,09/01/2024 11:00:00,09/01/2024 11:10:00,CREDENCIAMENTO
CC 33/22,SEIOP - SECRETARIA DE ESTADO DE INFRAESTRUTURA E OBRAS PUBLICAS - SEIOP,SISTEMA VIÁRIO 4 PONTES,CONCORRÊNCIA,MENOR PREÇO,22/11/2022 11:42:00,29/11/2022 10:50:00,29/11/2022 11:00:00,EXAME DE CONFORMIDADE
CC-001/23,FUNESBOM - FUNDO ESPECIAL DO CORPO DE BOMBEIROS,CBMERJ - Projeto do Novo Hospital,CONCORRÊNCIA,TÉCNICA E PREÇO,15/03/2024 09:00:00,01/04/2024 09:00:00,01/04/2024 09:30:00,EXAME DE CONFORMIDADE
CC-002/23,FUNESBOM - FUNDO ESPECIAL DO CORPO DE BOMBEIROS,CBMERJ - Reforma do Complexo CEICS,CONCORRÊNCIA,MENOR PREÇO,27/03/2024 10:30:00,09/05/2024 09:29:00,09/05/2024 09:30:00,CREDENCIAMENTO
CC0001/22,SECC - SECRETARIA DE ESTADO DA CASA CIVIL,SERVIÇO POUPA TEMPO,CONCORRÊNCIA,MENOR PREÇO,16/01/2023 11:10:00,23/01/2023 10:00:00,23/01/2023 10:30:00,EXAME DE CONFORMIDADE
CE 001/26,UENF - UNIV EST DO NORTE FLUMINENSE DARCY RIB,Reforma e Adequação do Galpão,CONCORRÊNCIA ELETRÔNICA - 14.133/2021,MENOR PREÇO,13/08/2026 17:00:00,03/09/2026 14:00:00,03/09/2026 15:00:00,EM NEGOCIAÇÃO/HABILITAÇÃO
CE 002/24,UENF - UNIV EST DO NORTE FLUMINENSE DARCY RIB,Projeto Executivo do Solar do Colégio,CONCORRÊNCIA ELETRÔNICA - 14.133/2021,MENOR PREÇO,04/12/2024 17:00:00,19/12/2024 14:00:00,19/12/2024 15:00:00,EM NEGOCIAÇÃO/HABILITAÇÃO
CE 002/26,SEAS - SEC DE EST DO AMBIENT E SUSTENTABILIDADE,Elaboração de Projeto Executivo,CONCORRÊNCIA ELETRÔNICA - 14.133/2021,MENOR PREÇO,25/02/2026 14:00:00,31/03/2026 09:50:00,31/03/2026 10:00:00,CLASSIFICAÇÃO DE LANCES
CE 002/26,FUNARJ - FUND ANITA MANTUANO DE ARTES DO EST DO RJ,Projeto Teatro Barra Mansa,CONCORRÊNCIA ELETRÔNICA - 14.133/2021,TÉCNICA E PREÇO,20/03/2026 18:00:00,20/05/2026 10:00:00,20/05/2026 11:00:00,AVALIAÇÃO RECURSAL
CE 005/26,FUNARJ - FUND ANITA MANTUANO DE ARTES DO EST DO RJ,Incêndio e Pânico do TAA,CONCORRÊNCIA ELETRÔNICA - 14.133/2021,MENOR PREÇO,29/07/2026 13:00:00,03/09/2026 13:00:00,04/09/2026 08:00:00,CLASSIFICAÇÃO DE LANCES
CE 08/25,SEIOP - SECRETARIA DE ESTADO DE INFRAESTRUTURA E OBRAS PUBLICAS - SEIOP,DEMOLIÇÃO E CONSTRUÇÃO DE PONTE SÃO JOSÉ,CONCORRÊNCIA ELETRÔNICA - 14.133/2021,MENOR PREÇO,03/12/2025 12:00:00,16/01/2026 11:00:00,16/01/2026 11:01:00,AGUARDANDO ADJUDICAÇÃO
CE 09//25,SEIOP - SECRETARIA DE ESTADO DE INFRAESTRUTURA E OBRAS PUBLICAS - SEIOP,CONTENÇÃO DE ENCOSTA CANTAGALO,CONCORRÊNCIA ELETRÔNICA - 14.133/2021,MENOR PREÇO,08/12/2025 23:25:00,22/01/2026 11:00:00,22/01/2026 11:01:00,AGUARDANDO ADJUDICAÇÃO
CE0003/26,SEAS - SEC DE EST DO AMBIENT E SUSTENTABILIDADE,Esgotamento Sanitário Sub-BaciaL2 Irajá,CONCORRÊNCIA ELETRÔNICA - 14.133/2021,MENOR PREÇO,24/02/2026 19:00:00,01/04/2026 09:50:00,01/04/2026 10:00:00,CLASSIFICAÇÃO DE LANCES
CE001/25,UERJ - HOSPITAL UNIVERSITÁRIO - HOSPITAL UNIVERSITARIO PEDRO ERNESTO,UERJ-SERV ENGENHARIA AMB CENTRAL HUPE,CONCORRÊNCIA ELETRÔNICA - 14.133/2021,MENOR PREÇO,24/10/2025 15:45:00,19/11/2025 09:59:00,19/11/2025 10:01:00,CLASSIFICAÇÃO DE LANCES
CN031//22,SEINFRA - SECRETARIA DE ESTADO DE INFRA E OBRAS,PROTEÇÃO SUP TALUDES MUN.CARMO E LAJE M,CONCORRÊNCIA,MENOR PREÇO,31/08/2022 15:18:00,31/08/2022 15:19:00,31/08/2022 15:20:00,HABILITAÇÃO DOS FORNECEDORES
PD 001/24,FSCABRINI - FUNDAÇÃO SANTA CABRINI,Aq. de Serviço e Material Permanente,PROCESSO ELETRÔNICO DE DISPENSA - LEI 14.133/21,MENOR PREÇO,03/10/2024 15:30:00,09/10/2024 10:00:00,09/10/2024 11:00:00,EM NEGOCIAÇÃO/HABILITAÇÃO
PD 001/25,SEGOV - SECRETARIA DE ESTADO DE GOVERNO,Contratação empre. de serviços gráficos,PROCESSO ELETRÔNICO DE DISPENSA - LEI 14.133/21,MENOR PREÇO,20/02/2025 21:00:00,25/02/2025 07:50:00,25/02/2025 08:00:00,CLASSIFICAÇÃO DE LANCES
PD 001/26,AGENERSA - AG REGUL ENERGIA E SANEAMENTO DO EST RJ,Material/Mobiliário (Espaço Convivência),PROCESSO ELETRÔNICO DE DISPENSA - LEI 14.133/21,MENOR PREÇO,24/02/2026 11:30:00,05/03/2026 11:25:00,05/03/2026 11:30:00,EM NEGOCIAÇÃO/HABILITAÇÃO
PD 002/24,SEDCON - SECRETARIA DE ESTADO DE DEFESA DO CONSUMIDOR,Prestação de Serviço de Coffee Break,PROCESSO ELETRÔNICO DE DISPENSA - LEI 14.133/21,MENOR PREÇO,17/12/2024 16:00:00,23/12/2024 09:30:00,23/12/2024 10:00:00,CLASSIFICAÇÃO DE LANCES
PD 002/26,FIA - FUNDAÇÃO PARA A INFÂNCIA E ADOLESCÊNCIA,AQUISIÇÃO DE MATERIAIS HOSPITALARES,PROCESSO ELETRÔNICO DE DISPENSA - LEI 14.133/21,MENOR PREÇO,25/02/2026 16:30:00,05/03/2026 10:00:00,05/03/2026 11:00:00,AGUARDANDO HOMOLOGAÇÃO
PD 002/26,AGENERSA - AG REGUL ENERGIA E SANEAMENTO DO EST RJ,Smartphones à prova de explosão,PROCESSO ELETRÔNICO DE DISPENSA - LEI 14.133/21,MENOR PREÇO,21/08/2026 17:00:00,27/08/2026 11:25:00,27/08/2026 11:30:00,EM NEGOCIAÇÃO/HABILITAÇÃO
PD 002/26 R1,RIOPREVIDÊNCIA - FUNDO UNICO DE PREVIDENCIA SOCIAL DO ESTADO DO RIO DE JANEIRO,Aquisição de equipamento de áudio,PROCESSO ELETRÔNICO DE DISPENSA - LEI 14.133/21,MENOR PREÇO,07/08/2026 08:00:00,13/08/2026 09:00:00,13/08/2026 10:00:00,CLASSIFICAÇÃO DE LANCES
PD 003/24,SEDCON - SECRETARIA DE ESTADO DE DEFESA DO CONSUMIDOR,Prest. Serviço de Coffee Break em Búzios,PROCESSO ELETRÔNICO DE DISPENSA - LEI 14.133/21,MENOR PREÇO,30/12/2024 14:30:00,07/01/2025 09:40:00,07/01/2025 10:00:00,ADJUDICAÇÃO
PD 003/26,SEPPENRJ - SECRETARIA DE ESTADO DE POLICIA PENAL,DEMOLIÇÃO TOTAL DO PASSADIÇO SEPPEN-FS,PROCESSO ELETRÔNICO DE DISPENSA - LEI 14.133/21,MENOR PREÇO,13/04/2026 14:00:00,17/04/2026 09:59:00,17/04/2026 10:00:00,AGUARDANDO ADJUDICAÇÃO
PD 003/26,SEFAZ - SECRETARIA DE ESTADO DE FAZENDA,Aquisição de Camisas,PROCESSO ELETRÔNICO DE DISPENSA - LEI 14.133/21,MENOR PREÇO,04/05/2026 05:00:00,12/05/2026 07:50:00,12/05/2026 08:00:00,CLASSIFICAÇÃO DE LANCES
PD 004/25,DETRAN - DEPARTAMENTO DE TRÂNSITO DO ESTADO DO RJ,DETRAN/RJ - CONFEC. CORDÕES DE CRACHÁS,PROCESSO ELETRÔNICO DE DISPENSA - LEI 14.133/21,MENOR PREÇO,09/07/2025 10:16:00,15/07/2025 07:30:00,15/07/2025 08:00:00,AGUARDANDO HOMOLOGAÇÃO
PD 004/26,SEPPENRJ - SECRETARIA DE ESTADO DE POLICIA PENAL,DEMOLIÇÃO PARCIAL DO PASSADIÇO SEPPEN-IS,PROCESSO ELETRÔNICO DE DISPENSA - LEI 14.133/21,MENOR PREÇO,13/04/2026 14:00:00,20/04/2026 09:59:00,20/04/2026 10:00:00,AGUARDANDO ADJUDICAÇÃO
PD 004/26,SEFAZ - SECRETARIA DE ESTADO DE FAZENDA,Aquisição de 9 motores e 9 hélices,PROCESSO ELETRÔNICO DE DISPENSA - LEI 14.133/21,MENOR PREÇO,13/08/2026 13:10:00,20/08/2026 10:00:00,20/08/2026 11:00:00,AGUARDANDO HOMOLOGAÇÃO
PD 006/26,DETRAN - DEPARTAMENTO DE TRÂNSITO DO ESTADO DO RJ,DETRAN/RJ - CONF. DE 15.000 FORMULARIOS,PROCESSO ELETRÔNICO DE DISPENSA - LEI 14.133/21,MENOR PREÇO,20/07/2026 13:30:00,27/07/2026 07:30:00,27/07/2026 08:00:00,AVALIAÇÃO RECURSAL
PD 008/26,GSI - GABINETE DE SEGURANÇA INSTITUCIONAL DO GOVERNO DO ESTADO DO RIO DE JANEIRO,Controle de acesso,PROCESSO ELETRÔNICO DE DISPENSA - LEI 14.133/21,MENOR PREÇO,21/08/2026 12:50:00,27/08/2026 10:00:00,27/08/2026 10:05:00,EM NEGOCIAÇÃO/HABILITAÇÃO
PD 024/26,SEPOL - SECRETARIA DE ESTADO DE POLICIA CIVIL,Aq de impressoras term e etiquetas,PROCESSO ELETRÔNICO DE DISPENSA - LEI 14.133/21,MENOR PREÇO,26/08/2026 09:00:00,04/09/2026 08:50:00,04/09/2026 09:00:00,CLASSIFICAÇÃO DE LANCES
PD 0240/26,FSERJ - FUNDAÇÃO SAÚDE DO EST. DO RIO DE JANEIRO,AQUISIÇÃO DE SUBSTÂNCIAS QUÍMICAS,PROCESSO ELETRÔNICO DE DISPENSA - LEI 14.133/21,MENOR PREÇO,04/08/2026 11:58:00,07/08/2026 14:00:00,07/08/2026 14:05:00,CLASSIFICAÇÃO DE LANCES
PD 039/26 R1,FSERJ - FUNDAÇÃO SAÚDE DO EST. DO RIO DE JANEIRO,AQUISIÇÃO DE INSUMOS LABORATORIAIS,PROCESSO ELETRÔNICO DE DISPENSA - LEI 14.133/21,MENOR PREÇO,28/07/2026 14:28:00,31/07/2026 14:00:00,31/07/2026 14:05:00,AGUARDANDO HOMOLOGAÇÃO
PD 05//25,SEEDUC - SECRETARIA DE ESTADO DE EDUCAÇÃO,CONTAINERES METÁLICOS PARA ARMAZENAMENTO,PROCESSO ELETRÔNICO DE DISPENSA - LEI 14.133/21,MENOR PREÇO,13/11/2025 17:00:00,18/11/2025 12:00:00,18/11/2025 13:00:00,CLASSIFICAÇÃO DE LANCES
PD 06/26,FUNPERJ - FUNDO ESPECIAL DA PROCURADORIA GERAL DO ERJ,FUNPERJ - Aquisição de garrafas térmicas,PROCESSO ELETRÔNICO DE DISPENSA - LEI 14.133/21,MENOR PREÇO,26/08/2026 09:00:00,31/08/2026 08:59:00,31/08/2026 09:00:00,AGUARDANDO HOMOLOGAÇÃO
PD 10/24,FUNPERJ - FUNDO ESPECIAL DA PROCURADORIA GERAL DO ERJ,Aquisição e instalação de Letreiro,PROCESSO ELETRÔNICO DE DISPENSA - LEI 14.133/21,MENOR PREÇO,02/12/2024 08:00:00,09/12/2024 12:59:00,09/12/2024 13:00:00,AGUARDANDO HOMOLOGAÇÃO
PD 153/25,FSERJ - FUNDAÇÃO SAÚDE DO EST. DO RIO DE JANEIRO,AQUISIÇÃO DE MEDICAMENTOS,PROCESSO ELETRÔNICO DE DISPENSA - LEI 14.133/21,MENOR PREÇO,11/03/2026 12:16:00,17/03/2026 09:00:00,17/03/2026 09:05:00,AGUARDANDO HOMOLOGAÇÃO
PD 2483/26,FSERJ - FUNDAÇÃO SAÚDE DO EST. DO RIO DE JANEIRO,AQUISIÇÃO DE MARCADORES INSTRUMENTAIS,PROCESSO ELETRÔNICO DE DISPENSA - LEI 14.133/21,MENOR PREÇO,10/08/2026 11:57:00,13/08/2026 09:00:00,13/08/2026 09:05:00,CLASSIFICAÇÃO DE LANCES
PD 3942/26,FSERJ - FUNDAÇÃO SAÚDE DO EST. DO RIO DE JANEIRO,F. CONTÍNUO DE TESTE IMUNOCROMATOGRÁFICO,PROCESSO ELETRÔNICO DE DISPENSA - LEI 14.133/21,MENOR PREÇO,06/08/2026 15:47:00,11/08/2026 09:00:00,11/08/2026 09:05:00,EM NEGOCIAÇÃO/HABILITAÇÃO
PD 4258/26,FSERJ - FUNDAÇÃO SAÚDE DO EST. DO RIO DE JANEIRO,AQUISIÇÃO DE FIO CIRÚRGICO,PROCESSO ELETRÔNICO DE DISPENSA - LEI 14.133/21,MENOR PREÇO,25/08/2026 13:33:00,02/09/2026 10:00:00,02/09/2026 10:05:00,CLASSIFICAÇÃO DE LANCES
PD 4333/26,FSERJ - FUNDAÇÃO SAÚDE DO EST. DO RIO DE JANEIRO,AQUISIÇÃO DE MEDICAMENTOS,PROCESSO ELETRÔNICO DE DISPENSA - LEI 14.133/21,MENOR PREÇO,25/08/2026 13:37:00,03/09/2026 10:00:00,03/09/2026 10:05:00,CLASSIFICAÇÃO DE LANCES
PD 4341/26,FSERJ - FUNDAÇÃO SAÚDE DO EST. DO RIO DE JANEIRO,AQUISIÇÃO DE MEDICAMENTOS E SANEANTE,PROCESSO ELETRÔNICO DE DISPENSA - LEI 14.133/21,MENOR PREÇO,07/08/2026 11:27:00,13/08/2026 14:00:00,13/08/2026 14:05:00,AGUARDANDO HOMOLOGAÇÃO
PD 4422/26,FSERJ - FUNDAÇÃO SAÚDE DO EST. DO RIO DE JANEIRO,AQUISIÇÃO DE MEDICAMENTOS,PROCESSO ELETRÔNICO DE DISPENSA - LEI 14.133/21,MENOR PREÇO,31/08/2026 10:28:00,04/09/2026 10:00:00,04/09/2026 10:05:00,CLASSIFICAÇÃO DE LANCES
PD 720/26,FSERJ - FUNDAÇÃO SAÚDE DO EST. DO RIO DE JANEIRO,AQUISIÇÃO DE MEDICAMENTOS,PROCESSO ELETRÔNICO DE DISPENSA - LEI 14.133/21,MENOR PREÇO,11/03/2026 14:48:00,17/03/2026 09:00:00,17/03/2026 09:05:00,AGUARDANDO HOMOLOGAÇÃO
PD MADEIRA DOC I,DER-RJ - FUND DEP ESTRADAS DE RODAGEM DO ESTADO DO RJ,Aquisição de madeira,PROCESSO ELETRÔNICO DE DISPENSA - LEI 14.133/21,MENOR PREÇO,26/03/2025 10:00:00,31/03/2025 09:00:00,31/03/2025 10:00:00,AGUARDANDO ADJUDICAÇÃO
PD MADEIRA DOC II,DER-RJ - FUND DEP ESTRADAS DE RODAGEM DO ESTADO DO RJ,Aquisição de madeira,PROCESSO ELETRÔNICO DE DISPENSA - LEI 14.133/21,MENOR PREÇO,26/03/2025 10:00:00,31/03/2025 09:00:00,31/03/2025 10:00:00,AGUARDANDO ADJUDICAÇÃO
PD MADEIRA DOC III,DER-RJ - FUND DEP ESTRADAS DE RODAGEM DO ESTADO DO RJ,Aquisição de madeira,PROCESSO ELETRÔNICO DE DISPENSA - LEI 14.133/21,MENOR PREÇO,25/03/2025 10:10:00,28/03/2025 09:00:00,28/03/2025 10:00:00,AGUARDANDO ADJUDICAÇÃO
PD Manutenção de Raio-X,DER-RJ - FUND DEP ESTRADAS DE RODAGEM DO ESTADO DO RJ,Serviço de manutenção de raio-x,PROCESSO ELETRÔNICO DE DISPENSA - LEI 14.133/21,MENOR PREÇO,26/09/2025 08:00:00,01/10/2025 08:30:00,01/10/2025 09:00:00,HOMOLOGAÇÃO
PD Placa,DER-RJ - FUND DEP ESTRADAS DE RODAGEM DO ESTADO DO RJ,Serviço de confecção de Placa,PROCESSO ELETRÔNICO DE DISPENSA - LEI 14.133/21,MENOR PREÇO,14/01/2025 08:00:00,17/01/2025 08:00:00,17/01/2025 09:00:00,AGUARDANDO ADJUDICAÇÃO
PD SEI-080001/000782/2025,FES - FUNDO ESTADUAL DE SAÚDE,Impr. e confecção de material gráfico,PROCESSO ELETRÔNICO DE DISPENSA - LEI 14.133/21,MENOR PREÇO,04/06/2025 16:20:00,09/06/2025 09:00:00,09/06/2025 09:05:00,CLASSIFICAÇÃO DE LANCES
PD SEI-080001/021811/2024,FES - FUNDO ESTADUAL DE SAÚDE,Emergencial de Manut. Elevadores,PROCESSO ELETRÔNICO DE DISPENSA - LEI 14.133/21,MENOR PREÇO,10/10/2024 10:00:00,15/10/2024 10:00:00,15/10/2024 10:05:00,AGUARDANDO ADJUDICAÇÃO
PD SEI-080001/026270/2025,FES - FUNDO ESTADUAL DE SAÚDE,Emergencial Dorzolamida 20 mg/ml,PROCESSO ELETRÔNICO DE DISPENSA - LEI 14.133/21,MENOR PREÇO,11/09/2025 16:40:00,17/09/2025 09:59:00,17/09/2025 10:00:00,HOMOLOGAÇÃO
PD USINA DE ARARUAMA,DER-RJ - FUND DEP ESTRADAS DE RODAGEM DO ESTADO DO RJ,SERV DE ENGENHARIA NA USINA DE ARARUAMA,PROCESSO ELETRÔNICO DE DISPENSA - LEI 14.133/21,MENOR PREÇO,13/04/2026 08:00:00,16/04/2026 06:30:00,16/04/2026 07:00:00,AGUARDANDO ADJUDICAÇÃO
PD-006/26 R1,FUNESBOM - FUNDO ESPECIAL DO CORPO DE BOMBEIROS,CBMERJ -Sedação Inalatória c/oxd Nitros,PROCESSO ELETRÔNICO DE DISPENSA - LEI 14.133/21,MENOR PREÇO,17/08/2026 13:00:00,24/08/2026 08:59:00,24/08/2026 09:00:00,CLASSIFICAÇÃO DE LANCES
PD0001/26,UERJ - ADMINISTRACAO CENTRAL,UERJ-AQUIS DE GERADOR DE RADIOFREQUENCIA,PROCESSO ELETRÔNICO DE DISPENSA - LEI 14.133/21,MENOR PREÇO,08/01/2026 08:00:00,13/01/2026 08:59:00,13/01/2026 09:00:00,AGUARDANDO HOMOLOGAÇÃO
PD0006/26 R1,UERJ - ADMINISTRACAO CENTRAL,UERJ-AQUIS EQUIPAMENTOS DE SEGURANÇA ETC,PROCESSO ELETRÔNICO DE DISPENSA - LEI 14.133/21,MENOR PREÇO,08/04/2026 08:00:00,13/04/2026 08:59:00,13/04/2026 09:00:00,EM NEGOCIAÇÃO/HABILITAÇÃO
PD0007/26 R1,UERJ - ADMINISTRACAO CENTRAL,UERJ-AQUIS DE SERVIDOR ALTO DESEMPENHO,PROCESSO ELETRÔNICO DE DISPENSA - LEI 14.133/21,MENOR PREÇO,25/02/2026 10:15:00,02/03/2026 08:59:00,02/03/2026 09:00:00,AGUARDANDO HOMOLOGAÇÃO
PD0010/25,UERJ - ADMINISTRACAO CENTRAL,UERJ-AQUIS ECOBAG ETC,PROCESSO ELETRÔNICO DE DISPENSA - LEI 14.133/21,MENOR PREÇO,30/12/2024 12:20:00,08/01/2025 08:59:00,08/01/2025 09:00:00,CLASSIFICAÇÃO DE LANCES
PD0010/26,UERJ - ADMINISTRACAO CENTRAL,UERJ-AQUIS DE MOBILIÁRIO DE ESCRITÓRIO,PROCESSO ELETRÔNICO DE DISPENSA - LEI 14.133/21,MENOR PREÇO,19/01/2026 08:00:00,23/01/2026 08:59:00,23/01/2026 09:00:00,AGUARDANDO HOMOLOGAÇÃO
PD0011/25,UERJ - ADMINISTRACAO CENTRAL,UERJ-AQUIS EQUIP. DE INFORMÁTICA,PROCESSO ELETRÔNICO DE DISPENSA - LEI 14.133/21,MENOR PREÇO,30/12/2024 12:25:00,08/01/2025 08:59:00,08/01/2025 09:00:00,PRAZO RECURSAL
PD0013/24,UERJ - HOSPITAL UNIVERSITÁRIO - HOSPITAL UNIVERSITARIO PEDRO ERNESTO,UERJ-AQUIS CATETER ETC,PROCESSO ELETRÔNICO DE DISPENSA - LEI 14.133/21,MENOR PREÇO,16/10/2024 08:00:00,22/10/2024 08:59:00,22/10/2024 09:00:00,AGUARDANDO HOMOLOGAÇÃO
PD0016/25,UERJ - HOSPITAL UNIVERSITÁRIO - HOSPITAL UNIVERSITARIO PEDRO ERNESTO,UERJ-AQUIS PLACA BISTURI,PROCESSO ELETRÔNICO DE DISPENSA - LEI 14.133/21,MENOR PREÇO,28/01/2025 08:00:00,31/01/2025 08:59:00,31/01/2025 09:00:00,AGUARDANDO HOMOLOGAÇÃO
PD0018/26,UERJ - HOSPITAL UNIVERSITÁRIO - HOSPITAL UNIVERSITARIO PEDRO ERNESTO,UERJ-AQUIS FIO GUIA,PROCESSO ELETRÔNICO DE DISPENSA - LEI 14.133/21,MENOR PREÇO,23/02/2026 12:30:00,26/02/2026 08:59:00,26/02/2026 09:00:00,CLASSIFICAÇÃO DE LANCES
PD0020/25,UERJ - ADMINISTRACAO CENTRAL,UERJ-AQUISIÇÃO DE MOBILIÁRIO,PROCESSO ELETRÔNICO DE DISPENSA - LEI 14.133/21,MENOR PREÇO,30/01/2025 08:00:00,05/02/2025 08:59:00,05/02/2025 09:00:00,CLASSIFICAÇÃO DE LANCES
PD0022/26,UERJ - ADMINISTRACAO CENTRAL,UERJ-AQUIS GELADEIRA DUPLEX FROST FREE,PROCESSO ELETRÔNICO DE DISPENSA - LEI 14.133/21,MENOR PREÇO,26/02/2026 09:20:00,03/03/2026 08:59:00,03/03/2026 09:00:00,AGUARDANDO HOMOLOGAÇÃO
PD0029/25 R1,UERJ - HOSPITAL UNIVERSITÁRIO - HOSPITAL UNIVERSITARIO PEDRO ERNESTO,UERJ-AQUIS BALÃO DE ANGIOPLASTIA VENOSA,PROCESSO ELETRÔNICO DE DISPENSA - LEI 14.133/21,MENOR PREÇO,19/02/2025 08:00:00,24/02/2025 08:59:00,24/02/2025 09:00:00,EM NEGOCIAÇÃO/HABILITAÇÃO
PD002_/R2,FUNESPOM - FUNDO ESP. POLÍCIA MILITAR RJ,Calibração de aparelhos fonoaudiológicos,PROCESSO ELETRÔNICO DE DISPENSA - LEI 14.133/21,MENOR PREÇO,27/08/2026 07:00:00,08/09/2026 10:59:00,08/09/2026 11:00:00,CLASSIFICAÇÃO DE LANCES
PD0035/24,UERJ - HOSPITAL UNIVERSITÁRIO - HOSPITAL UNIVERSITARIO PEDRO ERNESTO,UERJ-AQUIS CATETER E INTRODUTOR,PROCESSO ELETRÔNICO DE DISPENSA - LEI 14.133/21,MENOR PREÇO,31/10/2024 08:00:00,06/11/2024 08:59:00,06/11/2024 09:00:00,AGUARDANDO HOMOLOGAÇÃO
PD0036/24,UERJ - ADMINISTRACAO CENTRAL,UERJ-AQUISIÇÃO DE TABLETS,PROCESSO ELETRÔNICO DE DISPENSA - LEI 14.133/21,MENOR PREÇO,31/10/2024 08:00:00,06/11/2024 08:59:00,06/11/2024 09:00:00,DECLARAÇÃO DE VENCEDORES
PD0043/26,UERJ - ADMINISTRACAO CENTRAL,UERJ-AQUIS SCANNER E SOFTWARE DE CAPTURA,PROCESSO ELETRÔNICO DE DISPENSA - LEI 14.133/21,MENOR PREÇO,10/04/2026 08:00:00,15/04/2026 08:59:00,15/04/2026 09:00:00,EM NEGOCIAÇÃO/HABILITAÇÃO
PD0048/24 R1,UERJ - ADMINISTRACAO CENTRAL,UERJ-AQUIS INSUMOS PARA LABORATÓRIO,PROCESSO ELETRÔNICO DE DISPENSA - LEI 14.133/21,MENOR PREÇO,02/12/2024 11:55:00,06/12/2024 08:59:00,06/12/2024 09:00:00,AGUARDANDO HOMOLOGAÇÃO
PD0057/26 R1,UERJ - HOSPITAL UNIVERSITÁRIO - HOSPITAL UNIVERSITARIO PEDRO ERNESTO,UERJ-AQUIS DE ATADURAS,PROCESSO ELETRÔNICO DE DISPENSA - LEI 14.133/21,MENOR PREÇO,29/07/2026 08:00:00,04/08/2026 08:59:00,04/08/2026 09:00:00,CLASSIFICAÇÃO DE LANCES
PD0069/26,UERJ - ADMINISTRACAO CENTRAL,UERJ-AQUIS DE FRIGOBAR 117 LITROS,PROCESSO ELETRÔNICO DE DISPENSA - LEI 14.133/21,MENOR PREÇO,03/06/2026 09:10:00,10/06/2026 08:59:00,10/06/2026 09:00:00,HOMOLOGAÇÃO
PD0071/26 R1,UERJ - ADMINISTRACAO CENTRAL,UERJ-AQUIS SMART TV E SUPORTE DE FIXAÇÃO,PROCESSO ELETRÔNICO DE DISPENSA - LEI 14.133/21,MENOR PREÇO,13/08/2026 11:30:00,18/08/2026 08:59:00,18/08/2026 09:00:00,CLASSIFICAÇÃO DE LANCES
PD0073/26,FSERJ - FUNDAÇÃO SAÚDE DO EST. DO RIO DE JANEIRO,FS - AQUISIÇÃO DE REAGENTES,PROCESSO ELETRÔNICO DE DISPENSA - LEI 14.133/21,MENOR PREÇO,27/07/2026 15:37:00,30/07/2026 10:00:00,30/07/2026 10:05:00,AGUARDANDO HOMOLOGAÇÃO
PD0074/26,UERJ - HOSPITAL UNIVERSITÁRIO - HOSPITAL UNIVERSITARIO PEDRO ERNESTO,UERJ-AQUIS DE ATADURAS,PROCESSO ELETRÔNICO DE DISPENSA - LEI 14.133/21,MENOR PREÇO,10/06/2026 14:00:00,15/06/2026 08:59:00,15/06/2026 09:00:00,CLASSIFICAÇÃO DE LANCES
PD0079/26 R1,UERJ - HOSPITAL UNIVERSITÁRIO - HOSPITAL UNIVERSITARIO PEDRO ERNESTO,UERJ-AQUIS FIXADOR DE TUBO OROTRAQUEAL,PROCESSO ELETRÔNICO DE DISPENSA - LEI 14.133/21,MENOR PREÇO,20/08/2026 08:00:00,25/08/2026 08:59:00,25/08/2026 09:00:00,EM NEGOCIAÇÃO/HABILITAÇÃO
PD0081/24,UERJ - ADMINISTRACAO CENTRAL,UERJ-AQUISIÇÃO DE MOBILIÁRIO,PROCESSO ELETRÔNICO DE DISPENSA - LEI 14.133/21,MENOR PREÇO,02/12/2024 11:30:00,05/12/2024 08:59:00,05/12/2024 09:00:00,PRAZO RECURSAL
PD0093/26 R1,UERJ - HOSPITAL UNIVERSITÁRIO - HOSPITAL UNIVERSITARIO PEDRO ERNESTO,UERJ-AQUIS DE ETIQUETA TERMICA ADESIVA,PROCESSO ELETRÔNICO DE DISPENSA - LEI 14.133/21,MENOR PREÇO,25/08/2026 08:00:00,31/08/2026 08:59:00,31/08/2026 09:00:00,CLASSIFICAÇÃO DE LANCES
PD0096/26,FSERJ - FUNDAÇÃO SAÚDE DO EST. DO RIO DE JANEIRO,FS - AQUISIÇÃO DE REAGENTES,PROCESSO ELETRÔNICO DE DISPENSA - LEI 14.133/21,MENOR PREÇO,21/07/2026 10:46:00,24/07/2026 10:00:00,24/07/2026 10:05:00,AGUARDANDO HOMOLOGAÇÃO
PD0099/26,UERJ - ADMINISTRACAO CENTRAL,UERJ-AQUISNOTEBOOK IMPRESSORA COMPUTADOR,PROCESSO ELETRÔNICO DE DISPENSA - LEI 14.133/21,MENOR PREÇO,21/08/2026 08:00:00,27/08/2026 08:59:00,27/08/2026 09:00:00,AVALIAÇÃO RECURSAL
PD01,SUDERJ - SUPERINTENDÊNCIA DE DESPORTOS DO ESTADO DO RJ,"AQUISIÇÃO DE CAFÉ, AÇÚCAR E ADOÇANTE",PROCESSO ELETRÔNICO DE DISPENSA - LEI 14.133/21,MENOR PREÇO,31/03/2025 16:00:00,04/04/2025 16:00:00,04/04/2025 16:30:00,CLASSIFICAÇÃO DE LANCES
