id,nome,url,status,esquema,dominio,metodo,tipo,mime_type,iniciador,tamanho_bytes,tempo_ms,hora_inicio,categoria,recomendacao_filtro,observacoes
1,buscar.action,https://www.compras.rj.gov.br/Catalogo/buscar.action,200,https,www.compras.rj.gov.br,GET,document,text/html,other,48803,159.16,2026-09-09T16:17:17.074Z,Documento Principal Compras RJ (HTML),Incluir (Documento),
2,bootstrap.min.css,https://www.compras.rj.gov.br/conteudo-estatico/compras/css/bootstrap.min.css,200,https,www.compras.rj.gov.br,GET,stylesheet,text/css,parser:buscar.action,121200,0.07,2026-09-09T16:17:17.267Z,Recurso Estático Compras RJ (Assets),Excluir (Ativo Estático),
3,estilos.css,https://www.compras.rj.gov.br/conteudo-estatico/compras/css/estilos.css,200,https,www.compras.rj.gov.br,GET,stylesheet,text/css,parser:buscar.action,263218,0.03,2026-09-09T16:17:17.267Z,Recurso Estático Compras RJ (Assets),Excluir (Ativo Estático),
4,owl.carousel.min.css,https://www.compras.rj.gov.br/conteudo-estatico/compras/css/owl.carousel.min.css,200,https,www.compras.rj.gov.br,GET,stylesheet,text/css,parser:buscar.action,3254,0.06,2026-09-09T16:17:17.267Z,Recurso Estático Compras RJ (Assets),Excluir (Ativo Estático),
5,owl.theme.default.min.css,https://www.compras.rj.gov.br/conteudo-estatico/compras/css/owl.theme.default.min.css,200,https,www.compras.rj.gov.br,GET,stylesheet,text/css,parser:buscar.action,1013,0.03,2026-09-09T16:17:17.267Z,Recurso Estático Compras RJ (Assets),Excluir (Ativo Estático),
6,jquery-1.11.3.min.js,https://www.compras.rj.gov.br/conteudo-estatico/compras/js/jquery-1.11.3.min.js,200,https,www.compras.rj.gov.br,GET,script,application/javascript,parser:buscar.action,95957,0.02,2026-09-09T16:17:17.267Z,Recurso Estático Compras RJ (Assets),Excluir (Ativo Estático),
7,datatables.js,https://www.compras.rj.gov.br/conteudo-estatico/compras/js/datatables.js,200,https,www.compras.rj.gov.br,GET,script,application/javascript,parser:buscar.action,758590,0.03,2026-09-09T16:17:17.267Z,Recurso Estático Compras RJ (Assets),Excluir (Ativo Estático),
8,bootstrap.js,https://www.compras.rj.gov.br/conteudo-estatico/compras/js/bootstrap.js,200,https,www.compras.rj.gov.br,GET,script,application/javascript,parser:buscar.action,69126,0.03,2026-09-09T16:17:17.267Z,Recurso Estático Compras RJ (Assets),Excluir (Ativo Estático),
9,js?id=UA-148892236-1,https://www.googletagmanager.com/gtag/js?id=UA-148892236-1,200,https,www.googletagmanager.com,GET,script,application/javascript,parser:buscar.action,381664,249.86,2026-09-09T16:17:17.267Z,Telemetria e Analytics (Google),Excluir (Analytics),
10,platform.js,https://static.elfsight.com/platform/platform.js,304,https,static.elfsight.com,GET,script,application/javascript,parser:buscar.action,44147,145.8,2026-09-09T16:17:17.267Z,Widget Externo (Elfsight),Excluir (Terceiros),
11,img-logo-gov-br-new.png,https://www.compras.rj.gov.br/conteudo-estatico/compras/images/img-logo-gov-br-new.png,200,https,www.compras.rj.gov.br,GET,image,image/png,parser:buscar.action,6686,0.04,2026-09-09T16:17:17.267Z,Recurso Estático Compras RJ (Assets),Excluir (Ativo Estático),
12,logo-siga-header.png,https://www.compras.rj.gov.br/conteudo-estatico/compras/images/logo-siga-header.png,200,https,www.compras.rj.gov.br,GET,image,image/png,parser:buscar.action,1372,0.02,2026-09-09T16:17:17.267Z,Recurso Estático Compras RJ (Assets),Excluir (Ativo Estático),
13,banner-webapp.jpeg,https://www.compras.rj.gov.br/conteudo-estatico/images/banner-webapp.jpeg,200,https,www.compras.rj.gov.br,GET,image,image/jpeg,parser:buscar.action,81455,0.03,2026-09-09T16:17:17.267Z,Recurso Estático Compras RJ (Assets),Excluir (Ativo Estático),
14,aviso.png,https://www.compras.rj.gov.br/conteudo-estatico/images/aviso.png,200,https,www.compras.rj.gov.br,GET,image,image/png,parser:buscar.action,1492,0.02,2026-09-09T16:17:17.268Z,Recurso Estático Compras RJ (Assets),Excluir (Ativo Estático),
15,nav-chrome.png,https://www.compras.rj.gov.br/conteudo-estatico/images/nav-chrome.png,200,https,www.compras.rj.gov.br,GET,image,image/png,parser:buscar.action,3581,0.02,2026-09-09T16:17:17.268Z,Recurso Estático Compras RJ (Assets),Excluir (Ativo Estático),
16,nav-edge.png,https://www.compras.rj.gov.br/conteudo-estatico/images/nav-edge.png,200,https,www.compras.rj.gov.br,GET,image,image/png,parser:buscar.action,4948,0.02,2026-09-09T16:17:17.268Z,Recurso Estático Compras RJ (Assets),Excluir (Ativo Estático),
17,nav-firefox.png,https://www.compras.rj.gov.br/conteudo-estatico/images/nav-firefox.png,200,https,www.compras.rj.gov.br,GET,image,image/png,parser:buscar.action,5580,0.03,2026-09-09T16:17:17.268Z,Recurso Estático Compras RJ (Assets),Excluir (Ativo Estático),
18,Bottom_FaleConosco.png,https://www.compras.rj.gov.br/conteudo-estatico/images/Bottom_FaleConosco.png,200,https,www.compras.rj.gov.br,GET,image,image/png,parser:buscar.action,8714,0.03,2026-09-09T16:17:17.268Z,Recurso Estático Compras RJ (Assets),Excluir (Ativo Estático),
19,logoestadorj.svg,https://www.compras.rj.gov.br/conteudo-estatico/compras/images/logoestadorj.svg,200,https,www.compras.rj.gov.br,GET,image,image/svg+xml,parser:buscar.action,69450,0.02,2026-09-09T16:17:17.268Z,Recurso Estático Compras RJ (Assets),Excluir (Ativo Estático),
20,main.js,https://www.compras.rj.gov.br/conteudo-estatico/compras/js/main.js,200,https,www.compras.rj.gov.br,GET,script,application/javascript,parser:buscar.action,59036,0.02,2026-09-09T16:17:17.268Z,Recurso Estático Compras RJ (Assets),Excluir (Ativo Estático),
21,jquery.hotkeys-0.7.9.js,https://www.compras.rj.gov.br/conteudo-estatico/compras/js/jquery.hotkeys-0.7.9.js,200,https,www.compras.rj.gov.br,GET,script,application/javascript,parser:buscar.action,10693,0.02,2026-09-09T16:17:17.268Z,Recurso Estático Compras RJ (Assets),Excluir (Ativo Estático),
22,jquery.datetimepicker.js,https://www.compras.rj.gov.br/conteudo-estatico/compras/js/jquery.datetimepicker.js,200,https,www.compras.rj.gov.br,GET,script,application/javascript,parser:buscar.action,80480,0.02,2026-09-09T16:17:17.268Z,Recurso Estático Compras RJ (Assets),Excluir (Ativo Estático),
23,jquery.maskedinput.js,https://www.compras.rj.gov.br/conteudo-estatico/js/jquery.maskedinput.js,200,https,www.compras.rj.gov.br,GET,script,application/javascript,parser:buscar.action,7437,0.02,2026-09-09T16:17:17.268Z,Recurso Estático Compras RJ (Assets),Excluir (Ativo Estático),
24,jquery.mask.min.js,https://www.compras.rj.gov.br/conteudo-estatico/js/jquery.mask.min.js,200,https,www.compras.rj.gov.br,GET,script,application/javascript,parser:buscar.action,5581,0.02,2026-09-09T16:17:17.268Z,Recurso Estático Compras RJ (Assets),Excluir (Ativo Estático),
25,cpf-cnpj-mask.js,https://www.compras.rj.gov.br/conteudo-estatico/js/cpf-cnpj-mask.js,200,https,www.compras.rj.gov.br,GET,script,application/javascript,parser:buscar.action,2545,0.02,2026-09-09T16:17:17.268Z,Recurso Estático Compras RJ (Assets),Excluir (Ativo Estático),
26,owl.carousel.min.js,https://www.compras.rj.gov.br/conteudo-estatico/compras/js/owl.carousel.min.js,200,https,www.compras.rj.gov.br,GET,script,application/javascript,parser:buscar.action,44227,0.02,2026-09-09T16:17:17.268Z,Recurso Estático Compras RJ (Assets),Excluir (Ativo Estático),
27,owl.chamada.js,https://www.compras.rj.gov.br/conteudo-estatico/compras/js/owl.chamada.js,200,https,www.compras.rj.gov.br,GET,script,application/javascript,parser:buscar.action,573,0.02,2026-09-09T16:17:17.268Z,Recurso Estático Compras RJ (Assets),Excluir (Ativo Estático),
28,tamanhoFonte.js,https://www.compras.rj.gov.br/conteudo-estatico/compras/js/tamanhoFonte.js,200,https,www.compras.rj.gov.br,GET,script,application/javascript,parser:buscar.action,1291,0.04,2026-09-09T16:17:17.268Z,Recurso Estático Compras RJ (Assets),Excluir (Ativo Estático),
29,altoContraste.js,https://www.compras.rj.gov.br/conteudo-estatico/compras/js/altoContraste.js,200,https,www.compras.rj.gov.br,GET,script,application/javascript,parser:buscar.action,2319,0.02,2026-09-09T16:17:17.268Z,Recurso Estático Compras RJ (Assets),Excluir (Ativo Estático),
30,buscaGoogle.js,https://www.compras.rj.gov.br/conteudo-estatico/compras/js/buscaGoogle.js,200,https,www.compras.rj.gov.br,GET,script,application/javascript,parser:buscar.action,322,0.02,2026-09-09T16:17:17.268Z,Recurso Estático Compras RJ (Assets),Excluir (Ativo Estático),
31,print.css,https://www.compras.rj.gov.br/conteudo-estatico/compras/css/print.css,200,https,www.compras.rj.gov.br,GET,stylesheet,text/css,parser:buscar.action,103,0.05,2026-09-09T16:17:17.291Z,Recurso Estático Compras RJ (Assets),Excluir (Ativo Estático),
32,MaterialIcons-Regular.woff2,https://www.compras.rj.gov.br/conteudo-estatico/compras/fonts/icon/MaterialIcons-Regular.woff2,200,https,www.compras.rj.gov.br,GET,font,application/font-woff2,parser:estilos.css,44300,0.07,2026-09-09T16:17:17.309Z,Recurso Estático Compras RJ (Assets),Excluir (Ativo Estático),
33,Roboto-Regular.woff2,https://www.compras.rj.gov.br/conteudo-estatico/compras/fonts/Roboto-Regular.woff2,200,https,www.compras.rj.gov.br,GET,font,application/font-woff2,parser:estilos.css,49236,0.02,2026-09-09T16:17:17.309Z,Recurso Estático Compras RJ (Assets),Excluir (Ativo Estático),
34,Roboto-Light.woff2,https://www.compras.rj.gov.br/conteudo-estatico/compras/fonts/Roboto-Light.woff2,200,https,www.compras.rj.gov.br,GET,font,application/font-woff2,parser:estilos.css,49380,0.02,2026-09-09T16:17:17.309Z,Recurso Estático Compras RJ (Assets),Excluir (Ativo Estático),
35,Roboto-Bold.woff2,https://www.compras.rj.gov.br/conteudo-estatico/compras/fonts/Roboto-Bold.woff2,200,https,www.compras.rj.gov.br,GET,font,application/font-woff2,parser:estilos.css,49976,0.02,2026-09-09T16:17:17.309Z,Recurso Estático Compras RJ (Assets),Excluir (Ativo Estático),
36,bgTopo.png,https://www.compras.rj.gov.br/conteudo-estatico/compras/images/bgTopo.png,200,https,www.compras.rj.gov.br,GET,image,image/png,parser:estilos.css,133,0.04,2026-09-09T16:17:17.310Z,Recurso Estático Compras RJ (Assets),Excluir (Ativo Estático),
37,bt-aumentar-fonte.png,https://www.compras.rj.gov.br/conteudo-estatico/compras/images/bt-aumentar-fonte.png,200,https,www.compras.rj.gov.br,GET,image,image/png,parser:estilos.css,203,0.03,2026-09-09T16:17:17.310Z,Recurso Estático Compras RJ (Assets),Excluir (Ativo Estático),
38,bt-fonte-padrao.png,https://www.compras.rj.gov.br/conteudo-estatico/compras/images/bt-fonte-padrao.png,200,https,www.compras.rj.gov.br,GET,image,image/png,parser:estilos.css,349,0.02,2026-09-09T16:17:17.310Z,Recurso Estático Compras RJ (Assets),Excluir (Ativo Estático),
39,bt-diminuir-fonte.png,https://www.compras.rj.gov.br/conteudo-estatico/compras/images/bt-diminuir-fonte.png,200,https,www.compras.rj.gov.br,GET,image,image/png,parser:estilos.css,187,0.03,2026-09-09T16:17:17.310Z,Recurso Estático Compras RJ (Assets),Excluir (Ativo Estático),
40,bt-alto-contraste.png,https://www.compras.rj.gov.br/conteudo-estatico/compras/images/bt-alto-contraste.png,200,https,www.compras.rj.gov.br,GET,image,image/png,parser:estilos.css,360,0.02,2026-09-09T16:17:17.310Z,Recurso Estático Compras RJ (Assets),Excluir (Ativo Estático),
41,Bottom_FaleConosco2.png,https://www.compras.rj.gov.br/conteudo-estatico/images/Bottom_FaleConosco2.png,200,https,www.compras.rj.gov.br,GET,image,image/png,script:datatables.js:7986,8550,0.08,2026-09-09T16:17:17.328Z,Recurso Estático Compras RJ (Assets),Excluir (Ativo Estático),
42,listarSuporteUsuario,https://www.compras.rj.gov.br/Noticias/listarSuporteUsuario,200,https,www.compras.rj.gov.br,GET,xhr,application/json,script:datatables.js:9675,219,42.71,2026-09-09T16:17:17.329Z,Funcional Compras RJ (API / XHR),Incluir (Funcional),Endpoint XHR que retorna metadados de suporte e atendimento em JSON
43,/p/boot/?page=https%3A%2F%2Fwww.compras...,https://core.service.elfsight.com/p/boot/?page=https%3A%2F%2Fwww.compras.rj.gov.br%2FCatalogo%2Fbuscar.action&w=5ad55d19-9bb1-4499-8195-09613725299f,304,https,core.service.elfsight.com,GET,xhr,application/json,script:platform.js:7,125,779.56,2026-09-09T16:17:17.424Z,Widget Externo (Elfsight),Excluir (Terceiros),
44,js?id=G-869FDER0C1&cx=c&gtm=4e694...,https://www.googletagmanager.com/gtag/js?id=G-869FDER0C1&cx=c&gtm=4e6941h1,200,https,www.googletagmanager.com,GET,script,application/javascript,script:js?id=UA-148892236-1:152,455169,202.41,2026-09-09T16:17:17.543Z,Telemetria e Analytics (Google),Excluir (Analytics),
45,analytics.js,https://www.google-analytics.com/analytics.js,304,https,www.google-analytics.com,GET,script,text/javascript,script:js?id=UA-148892236-1:152,52310,29.27,2026-09-09T16:17:17.545Z,Telemetria e Analytics (Google),Excluir (Analytics),
46,font_1011144_jmo4009ffif.woff2?t=1719821135173,https://at.alicdn.com/t/c/font_1011144_jmo4009ffif.woff2?t=1719821135173,200,https,at.alicdn.com,GET,font,font/woff2,parser:buscar.action,13112,0.1,2026-09-09T16:17:17.875Z,Recurso Externo CDN / Fonte,Excluir (Ativo Estático),
47,CircularXXWeb-Book-cd7d2bcec649b1243839a15d5eb8f0a3.woff2,https://cdn.loom.com/assets/fonts/circular/CircularXXWeb-Book-cd7d2bcec649b1243839a15d5eb8f0a3.woff2,200,https,cdn.loom.com,GET,font,font/woff2,parser:buscar.action,69026,0.07,2026-09-09T16:17:17.893Z,Recurso Externo CDN / Fonte,Excluir (Ativo Estático),
48,list,https://gator.volces.com/list,200,https,gator.volces.com,POST,xhr,application/json,script:content.js:224,95,6035.57,2026-09-09T16:17:17.910Z,Extensão / Rastreamento Externo,Excluir (Extensão Navegador),Chamada originada de extensão do navegador (chrome-extension://caejcfciegnnnepdhaopdogngbmojodl)
49,list,https://gator.volces.com/list,200,https,gator.volces.com,OPTIONS,preflight,x-unknown,preflight,0,1827.77,2026-09-09T16:17:17.958Z,Extensão / Rastreamento Externo,Excluir (Extensão Navegador),Chamada originada de extensão do navegador (chrome-extension://caejcfciegnnnepdhaopdogngbmojodl)
50,favicon.png,https://www.compras.rj.gov.br/conteudo-estatico/compras/images/favicon.png,200,https,www.compras.rj.gov.br,GET,other,image/png,other,18318,9.24,2026-09-09T16:17:17.974Z,Compras RJ Outros,Excluir (Outros),
51,collect?v=2&tid=G-869FDER0C1&gtm=45je6...,https://www.google-analytics.com/g/collect?v=2&tid=G-869FDER0C1&gtm=45je6941h1v9104807067za20g&_p=1788970637301&gcd=13l3l3l3l1l1&npa=0&dma=0&_eu=EAAIAAQ&cid=2017873155.1788959188&frm=0&ir=1&ngs=1&pscdl=noapi&rcb=15&sr=1920x1080&uaa=x86&uab=64&uafvl=Chromium%3B152.0.7977.83%7CNot%253FA_Brand%3B24.0.0.0%7CMicrosoft%2520Edge%3B152.0.4191.66&uam=&uamb=0&uap=Windows&uapv=19.0.0&uaw=0&ul=pt-br&_s=1&tag_exp=115616986~115938465~115938468~118897920~118897930~120213116~120385423~120469145~120469153&sid=1788970637&sct=2&seg=1&dl=https%3A%2F%2Fwww.compras.rj.gov.br%2FCatalogo%2Fbuscar.action&dr=https%3A%2F%2Fwww.compras.rj.gov.br%2FEditaisLicitacoes%2Fdetalhar.action%3FidLic%3D25159%26orderColumn%3D0%26orderDirection%3Dasc%26filtro.nuLic%3D%26filtro.objetoLic%3D%26filtro.processoLic%3D%26filtro.idStatus%3D%26filtro.idModalidade%3D%26filtro.idModoDisputa%3D%26filtro.centroCusto%3D%26filtro.idFormaLicitacao%3D%26filtro.dtIniProp%3D%26filtro.dtFimProp%3D%26filtro.dtFimHomol%3D%26filtro.dtIniHomol%3D%26filtro.dtFimPublic%3D%26filtro.dtIniPublic%3D%26filtro.dtIniPublic%3D%26filtro.mpe%3D%26filtro.srp%3D%26filtro.idTipoRamoAtividade%3D%26filtro.idFamilia%3D%26filtro.idClasse%3D%26filtro.idArtigo%3D%26filtro.item%3D%26filtro.inSustentavel%3Dfalse%26filtro.tipoPesquisa_1%3D%26filtro.campoPesquisa_1%3D%26filtro.termoPesquisaItem_1%3D%26filtro.tipoPesquisa_2%3D%26filtro.campoPesquisa_2%3D%26filtro.termoPesquisaItem_2%3D%26filtro.condicao_2%3D%26filtro.tipoPesquisa_3%3D%26filtro.campoPesquisa_3%3D%26filtro.termoPesquisaItem_3%3D%26filtro.condicao_3%3D%26numRegistros%3D%26idAndamento%3D2%26filtro.start%3D0%26filtro.length%3D100%26filtro.orderColumn%3D%26filtro.orderDirection%3D%26filtro.tipoRelatorio%3D12%26dataTable_length%3D100%26filtro.filtroLicitacao%3D%26filtro.filtroUnidade%3D%26filtro.filtroProcesso%3D%26filtro.filtroObjeto%3D%26filtro.filtroModalidade%3D%26filtro.filtroDtPublicacao%3D%26filtro.filtroStatus%3D%26filtro.filtroValorHomolog%3D%26filtro.filtroUrlPncp%3D&dt=Cat%C3%A1logo&en=page_view&tfd=5956,204,https,www.google-analytics.com,POST,fetch,text/plain,script:js?id=G-869FDER0C1&cx=c&gtm=4e6941h1:225,0,1046.22,2026-09-09T16:17:23.005Z,Telemetria e Analytics (Google),Excluir (Analytics),
52,carregaFamilia.action?ramoAtividade.idTipo=1,https://www.compras.rj.gov.br/Catalogo/carregaFamilia.action?ramoAtividade.idTipo=1,200,https,www.compras.rj.gov.br,GET,xhr,application/json,script:datatables.js:9675,12980,278.31,2026-09-09T16:18:01.515Z,Funcional Compras RJ (API / XHR),Incluir (Funcional),Chamada XHR dinâmica que carrega árvore de famílias do catálogo de compras por idTipo
